义乌市联洲进出口有限公司;https://ywlz2008.1688.com;https://detail.1688.com/offer/645312681883.html
义乌市雨灵服饰有限公司;https://shop81093x034i7p3.1688.com;https://detail.1688.com/offer/642794246385.html
义乌市和鸣饰品有限公司;https://shop36mm85665l864.1688.com;https://detail.1688.com/offer/608813765189.html
义乌市贵本饰品厂;https://shop97jx4k5751525.1688.com;https://detail.1688.com/offer/619675463783.html
义乌市百萱电子商务商行;https://shop913341y061375.1688.com;https://detail.1688.com/offer/621270930191.html
深圳市宝安区福海靓依都服装厂;https://shop1494607960707.1688.com;https://detail.1688.com/offer/628473767596.html
义乌市宏霞日用百货商行;https://shop844611315i951.1688.com;https://detail.1688.com/offer/653318944518.html
新罗区量东暇百货商行;https://shop50x391074y284.1688.com;https://detail.1688.com/offer/649622312891.html
佛山市禅城区鑫驰哈服装厂;https://shop21142586u9v59.1688.com;https://detail.1688.com/offer/641054377831.html
义乌市光与影电子商务商行;https://shop031728v2g2u85.1688.com;https://detail.1688.com/offer/650142075607.html
深圳市乔晨贸易有限公司;https://shop31q055772zq00.1688.com;https://detail.1688.com/offer/634846257610.html
新沂市苏之锦服装店;https://shop6669xk1927690.1688.com;https://detail.1688.com/offer/652284124249.html
青白江鹏欧琬希商贸部;https://shop7p22p459187f2.1688.com;https://detail.1688.com/offer/650699870359.html
义乌市蒲彤电子商务商行;https://shop1476702898645.1688.com;https://detail.1688.com/offer/613030685136.html
义乌市摩多贸易有限公司;https://moduomaoyi.1688.com;https://detail.1688.com/offer/627197691268.html
义乌市鸢语电子商务有限公司;https://shop2hk4791934662.1688.com;https://detail.1688.com/offer/634597100765.html
尤溪县嘉磊商行;https://shop085389ht545x6.1688.com;https://detail.1688.com/offer/652805537365.html
常熟市莫城街道咚咚屋服装店;https://shop49fe7f0129503.1688.com;https://detail.1688.com/offer/651365136322.html
余江区辍素电子商务商行;https://shop6710f02ff4930.1688.com;https://detail.1688.com/offer/652315171458.html
尤溪县多金夫商行;https://shop8435282042477.1688.com;https://detail.1688.com/offer/642598103527.html
余江区月两舜电子商务商行;https://shop67t5664779o78.1688.com;https://detail.1688.com/offer/651489593753.html
余江区鑫进贸易商行;https://shop2828jv94x2073.1688.com;https://detail.1688.com/offer/655867290721.html
义乌千芙饰品有限公司;https://shop1404528103758.1688.com;https://detail.1688.com/offer/655441238496.html
广州哈琳娜饰品厂;https://harrina.1688.com;https://detail.1688.com/offer/655758414634.html
义乌市飞韩饰品有限公司;https://feihan.1688.com;https://detail.1688.com/offer/654649125700.html
义乌市暖铭电子商务有限公司;https://shop87n311x537n24.1688.com;https://detail.1688.com/offer/609254371907.html
义乌市格尚电子商务商行;https://15geshang.1688.com;https://detail.1688.com/offer/548415662399.html
义乌市美添色电子商务有限公司;https://shop3g466z20449g7.1688.com;https://detail.1688.com/offer/629167414566.html
义乌市梦屿电子商务有限公司;https://lovemengyu.1688.com;https://detail.1688.com/offer/575977971767.html
义乌市千岚饰品有限公司;https://zjqianlan.1688.com;https://detail.1688.com/offer/609061339441.html
义乌市氿乐电子商务商行;https://shop1428511784824.1688.com;https://detail.1688.com/offer/642782965950.html
义乌市谷袖贸易有限公司;https://shop91p291569b0w9.1688.com;https://detail.1688.com/offer/640916441311.html
义乌市美亚饰品厂;https://myashipin.1688.com;https://detail.1688.com/offer/642810481905.html
义乌市葛虹电子商务商行;https://shop2490896p59255.1688.com;https://detail.1688.com/offer/653838612325.html
义乌市暖陆电子商务商行;https://nuanlu19901206.1688.com;https://detail.1688.com/offer/639852197096.html
义乌市敛从电子商务商行;https://shop28o95177o3851.1688.com;https://detail.1688.com/offer/655726274198.html
佛山市禅城区润和广百货店;https://shop2n63134e3r272.1688.com;https://detail.1688.com/offer/655860071393.html
连城县俪承嗣百货店;https://shop9589592g98965.1688.com;https://detail.1688.com/offer/653717168059.html
义乌市本派电子商务有限公司;https://shop57991754u5222.1688.com;https://detail.1688.com/offer/606893814827.html
广信区春顺电子商务经营部;https://shop484o9s5746u78.1688.com;https://detail.1688.com/offer/643552957390.html
广信区易妆饰品商行;https://shop209057502v358.1688.com;https://detail.1688.com/offer/644449092106.html
义乌市莉韩饰品有限公司;https://lihan2019.1688.com;https://detail.1688.com/offer/655502621689.html
新沂市曾宇家居用品经营部;https://shop3v44376s82030.1688.com;https://detail.1688.com/offer/656009531539.html
余江区静盛经营部;https://shop7303ae6072x61.1688.com;https://detail.1688.com/offer/653056195204.html
义乌市阡陌饰品有限公司;https://qianmoshipin.1688.com;https://detail.1688.com/offer/575705277095.html
义乌市昌翊电子商务商行;https://shop077539sx54058.1688.com;https://detail.1688.com/offer/654497932679.html
柘荣县角麻日用品经营部;https://shop44108p6756k89.1688.com;https://detail.1688.com/offer/652705614813.html
柘荣县声果日用品经营部;https://shop42x54k1344396.1688.com;https://detail.1688.com/offer/650090359354.html
义乌市港誉贸易商行;https://shop04i74790042s6.1688.com;https://detail.1688.com/offer/648446332164.html
万载县高轴会百货店;https://shop676760p4507v8.1688.com;https://detail.1688.com/offer/654483283748.html
新沂市少之海家居用品部;https://shop09l90s9166267.1688.com;https://detail.1688.com/offer/654794054983.html
新沂市纪之英服装店;https://shop62904cf143108.1688.com;https://detail.1688.com/offer/655015526680.html
义乌市光影饰品有限公司;https://shop770u1e6z64467.1688.com;https://detail.1688.com/offer/654016738267.html
义乌市云筱贸易有限公司;https://shop657y89m139528.1688.com;https://detail.1688.com/offer/601000208646.html
义乌市翔龙饰品有限公司;https://shop00x1800188876.1688.com;https://detail.1688.com/offer/638615048339.html
义乌市慕添饰品有限公司;https://ladutong.1688.com;https://detail.1688.com/offer/584136414315.html
义乌市准岑电子商务商行;https://shop1458311322207.1688.com;https://detail.1688.com/offer/627117409765.html
义乌市绕野电子商务商行;https://shop93158379sb255.1688.com;https://detail.1688.com/offer/654400341685.html
漳州开发区岚菀柳网络技术工作室;https://shop827g90798n375.1688.com;https://detail.1688.com/offer/655192850283.html
新沂市捷之文服装店;https://shop71p23541890n0.1688.com;https://detail.1688.com/offer/655185835137.html
新罗区户亮网店;https://shop5k7029k328852.1688.com;https://detail.1688.com/offer/647466663777.html
新罗区人弘百货商行;https://shop43xw949759699.1688.com;https://detail.1688.com/offer/643598620611.html
漳州开发区顿寒蕾服装店;https://shop193329o96r3r8.1688.com;https://detail.1688.com/offer/654838266478.html
柘荣县周西日用品经营部;https://shop4e3019cq32892.1688.com;https://detail.1688.com/offer/646777305844.html
袁州区北梦网络工作室;https://shop9055836aa19o2.1688.com;https://detail.1688.com/offer/653377396242.html
义乌市昇泽贸易有限公司;https://yayilai.1688.com;https://detail.1688.com/offer/613505460223.html
义乌市协缔电子商务商行;https://shop91i433t3s4117.1688.com;https://detail.1688.com/offer/651221142360.html
佛山市南海区桂城益昌五金电器商行;https://shop68y64231y6722.1688.com;https://detail.1688.com/offer/627380191076.html
义乌市欧塞妮饰品有限公司;https://shop2035297n52ha5.1688.com;https://detail.1688.com/offer/627271055534.html
石狮市简峰瑟兰网络百货商行;https://shop23483956693z9.1688.com;https://detail.1688.com/offer/652579856514.html
义乌市硕穗电子商务商行;https://shop1427820618095.1688.com;https://detail.1688.com/offer/613524365530.html
余江区祥朔经营部;https://shop2592786x79717.1688.com;https://detail.1688.com/offer/655661285761.html
柘荣县周期日用品经营部;https://shop3730385521h31.1688.com;https://detail.1688.com/offer/650628733289.html
新沂市浩之华百货店;https://shop7p0109sk59922.1688.com;https://detail.1688.com/offer/656223907721.html
义乌市岑迷饰品有限公司;https://shop1375289628741.1688.com;https://detail.1688.com/offer/635214129765.html
义乌市卓巧电子商务商行;https://shop27w43y665i529.1688.com;https://detail.1688.com/offer/640265333499.html
义乌市金萍饰品厂;https://shop1s12806v12876.1688.com;https://detail.1688.com/offer/612815513432.html
义乌市沃土电子商务有限公司;https://ywwotu.1688.com;https://detail.1688.com/offer/1163961800.html
义乌市真欣电子商务商行;https://shop509491775bd03.1688.com;https://detail.1688.com/offer/645036166429.html
余江区浩柏经营部;https://shop9539467u00j40.1688.com;https://detail.1688.com/offer/654575884696.html
义乌市赤洁电子商务商行;https://shop10f7749243421.1688.com;https://detail.1688.com/offer/641052726531.html
余江区福凤经营部;https://shop17g80f0539307.1688.com;https://detail.1688.com/offer/655000126797.html
临沂艾萌饰品有限公司;https://aimengshipin.1688.com;https://detail.1688.com/offer/648100782456.html
余江区太浩经营部;https://shop841573u5u5648.1688.com;https://detail.1688.com/offer/655411337208.html
义乌市晗杜电子商务商行;https://shop704xx31840z32.1688.com;https://detail.1688.com/offer/655090786968.html
义乌市艺真饰品有限公司;https://shop1467046971656.1688.com;https://detail.1688.com/offer/644974155630.html
义乌市趣觅电子商务商行;https://shop3909712a65r74.1688.com;https://detail.1688.com/offer/650020192072.html
义乌市锦颜电子商务商行;https://shop509s9634b6779.1688.com;https://detail.1688.com/offer/647195586030.html
义乌市营咚电子商务商行;https://shop802ddp6330414.1688.com;https://detail.1688.com/offer/655039284503.html
南平市建阳区林农皎洁百货店;https://shop19608zv047824.1688.com;https://detail.1688.com/offer/655036604897.html
淮北市卓美商贸有限公司;https://shop1447953066017.1688.com;https://detail.1688.com/offer/642929561112.html
义乌市忻梨电子商务商行;https://shop96688wr9094g4.1688.com;https://detail.1688.com/offer/655276677554.html
新沂市嘉之华服装店;https://shop440nu7c563713.1688.com;https://detail.1688.com/offer/656433631120.html
义乌卓秀饰品商行;https://shop566bt93706z28.1688.com;https://detail.1688.com/offer/625675126526.html
义乌市锐娟电子商务商行;https://shop319942j4u5151.1688.com;https://detail.1688.com/offer/652686720938.html
临沂市兰山区喜常悦日用百货商行;https://shop40355e7812i83.1688.com;https://detail.1688.com/offer/646086103017.html
义乌市诗音特贸易有限公司;https://shop2300711g86em9.1688.com;https://detail.1688.com/offer/609602408880.html
义乌市婉姿饰品有限公司;https://shop1447087746117.1688.com;https://detail.1688.com/offer/556105199135.html
义乌市玄晨电子商务商行;https://shop0642057jj7893.1688.com;https://detail.1688.com/offer/613389639761.html
余江区度魏电子商务商行;https://shop1652265064xf3.1688.com;https://detail.1688.com/offer/651708302408.html
广州星座贸易有限公司;https://shop38555r0885t68.1688.com;https://detail.1688.com/offer/641537937729.html
潜江市老羊日用品经营部;https://shop2e8707z0u5726.1688.com;https://detail.1688.com/offer/643056983930.html
鄱阳县庾翰墨五金店;https://shop5936lul071039.1688.com;https://detail.1688.com/offer/654005565818.html
柘荣县角半日用品经营部;https://shop34738b87sm401.1688.com;https://detail.1688.com/offer/653149984575.html
三门蓝潭贸易商行;https://shop7184563q357b0.1688.com;https://detail.1688.com/offer/652793842711.html
义乌市卡飒饰品有限公司;https://shop0gv64586wo834.1688.com;https://detail.1688.com/offer/592734034897.html
深圳市宝安区松岗爱瞅瞅饰品厂;https://shop7x87906158j51.1688.com;https://detail.1688.com/offer/644315227443.html
鄱阳县冀森服装店;https://shop48q1221e2a786.1688.com;https://detail.1688.com/offer/650096208987.html
义乌市翔扉电子商务商行;https://shop4607j8625aq12.1688.com;https://detail.1688.com/offer/655165976747.html
柘荣县庆图日用品经营部;https://shop7963428g6g051.1688.com;https://detail.1688.com/offer/651144528994.html
义乌市锦睿饰品有限公司;https://shop6ok67686k3972.1688.com;https://detail.1688.com/offer/590865928315.html
东阳市白云大欧饰品厂;https://ouk888.1688.com;https://detail.1688.com/offer/1248289071.html
高新区枫桥澄信敏服装商行;https://shop74140d8574126.1688.com;https://detail.1688.com/offer/655077568963.html
广州俊茵贸易商行;https://shop361r94612i128.1688.com;https://detail.1688.com/offer/654712064523.html
余江区特彤经营部;https://shop945767299t963.1688.com;https://detail.1688.com/offer/652265941974.html
义乌市随敏饰品有限公司;https://shop1406652834510.1688.com;https://detail.1688.com/offer/631931544614.html
义乌市晨晖饰品有限公司;https://chenhuijewelry.1688.com;https://detail.1688.com/offer/599216249854.html
余江区欢怡经营部;https://shop5502063575359.1688.com;https://detail.1688.com/offer/653267384926.html
新沂市彩之影家居用品经营部;https://shop45852u62143e5.1688.com;https://detail.1688.com/offer/653598133469.html
余江区全我意电子商务商行;https://shop6q2777h7108h1.1688.com;https://detail.1688.com/offer/650471472072.html
丹阳界牌镇满之城工艺礼品厂;https://shop98679b63q7l19.1688.com;https://detail.1688.com/offer/655658319284.html
余江区具笑电子商务商行;https://shop1425294553169.1688.com;https://detail.1688.com/offer/652405003815.html
义乌市创语电子商务商行;https://shop64gg3130w8485.1688.com;https://detail.1688.com/offer/628292978419.html
余江区聪格乐电子商务商行;https://shop4f9365e85r227.1688.com;https://detail.1688.com/offer/652187901592.html
义乌市芭炫饰品厂;https://shop2035hk424v179.1688.com;https://detail.1688.com/offer/626002224114.html
余江区博武经营部;https://shop0038x8m941975.1688.com;https://detail.1688.com/offer/656384819659.html
义乌市暖墨电子商务商行;https://shop7ici643342400.1688.com;https://detail.1688.com/offer/634069861846.html
广州莉盈贸易商行;https://shop59559j58245d1.1688.com;https://detail.1688.com/offer/653938874143.html
义乌市唯妹饰品有限公司;https://shop7b01169399391.1688.com;https://detail.1688.com/offer/613336306951.html
义乌市熙梦橙贸易有限公司;https://shop671x4180m29o4.1688.com;https://detail.1688.com/offer/652244626931.html
义乌市创美饰品厂;https://ywcmei.1688.com;https://detail.1688.com/offer/643447800197.html
高新区枫桥茂先百货商行;https://shop13k352894tn99.1688.com;https://detail.1688.com/offer/654986161368.html
义乌市丝叙进出口有限公司;https://ywchunman.1688.com;https://detail.1688.com/offer/1296762989.html
义乌市碧艾电子商务商行;https://beeeai.1688.com;https://detail.1688.com/offer/587713824055.html
杭州余杭区乔司街道威通百货商行;https://shop28ia999731c26.1688.com;https://detail.1688.com/offer/654466399524.html
高新区枫桥速雅阁百货商行;https://shop2n71w810657d5.1688.com;https://detail.1688.com/offer/654451427904.html
南平市建阳区林农孔格百货店;https://shop0169r62wo0694.1688.com;https://detail.1688.com/offer/654835932026.html
义乌市修婕电子商务商行;https://shop6724b67477210.1688.com;https://detail.1688.com/offer/656037979998.html
义乌市池臣电子商务商行;https://shop64120495p7823.1688.com;https://detail.1688.com/offer/656251151963.html
广州莉青商贸商行;https://shop1052972t27272.1688.com;https://detail.1688.com/offer/655100816982.html
余江区广度电子商务商行;https://shop0867n0w2z7115.1688.com;https://detail.1688.com/offer/654067085192.html
沈阳市沈河区紫登百货店;https://shop3329fwu184731.1688.com;https://detail.1688.com/offer/651972505080.html
义乌市创兆电子商务商行;https://shop1464281866943.1688.com;https://detail.1688.com/offer/566667613135.html
新罗区金舞花百货商行;https://shop27785mu839m94.1688.com;https://detail.1688.com/offer/649583781852.html
杭州余杭区乔司街道依谷服饰商行;https://shop10hr346493372.1688.com;https://detail.1688.com/offer/655235534656.html
义乌市通晟电子商务商行;https://qianqian1314168.1688.com;https://detail.1688.com/offer/630264328382.html
义乌市蒲钻电子商务商行;https://shop1358592219982.1688.com;https://detail.1688.com/offer/652849538451.html
佛山市南海区雨馨莱服饰厂;https://shop5119k640l2418.1688.com;https://detail.1688.com/offer/641749100065.html
义乌市跃越贸易有限公司;https://shop4o88755547939.1688.com;https://detail.1688.com/offer/601103780790.html
义乌市宝仪电子商务有限公司;https://shop423634b7n5750.1688.com;https://detail.1688.com/offer/644475258568.html
义乌市樱淇电子商务有限公司;https://shop8386j9uj60543.1688.com;https://detail.1688.com/offer/612482852371.html
漳州开发区铎溥浮百货店;https://shop5234h08939y82.1688.com;https://detail.1688.com/offer/649138067267.html
义乌凯琛贸易有限公司;https://shop778j3256m8144.1688.com;https://detail.1688.com/offer/620387815806.html
五华县横陂镇月平科技馆;https://shop3v20349039t77.1688.com;https://detail.1688.com/offer/653765841971.html
新罗区化楼百货商行;https://shop579653hx58f03.1688.com;https://detail.1688.com/offer/653071682344.html
漳州开发区刷约沫视建材店;https://shop42746j58963h9.1688.com;https://detail.1688.com/offer/654190420799.html
义乌市德印电子商务商行;https://shop54z2153974312.1688.com;https://detail.1688.com/offer/654563087639.html
义乌市贶景电子商务商行;https://shop8307899835mb7.1688.com;https://detail.1688.com/offer/655898191093.html
余江区琦祥经营部;https://shop687x97717x521.1688.com;https://detail.1688.com/offer/655854571758.html
睢宁县智双家居用品厂;https://shop57302l83b45z6.1688.com;https://detail.1688.com/offer/650714076160.html
义乌市骍隆电子商务商行;https://shop684n393892646.1688.com;https://detail.1688.com/offer/654534497883.html
尤溪县鹏承商行;https://shop0041g6a953847.1688.com;https://detail.1688.com/offer/648569932019.html
余江区光宇富电子商务商行;https://shop7x390a2781m80.1688.com;https://detail.1688.com/offer/655321237381.html
义乌市获皎电子商务商行;https://shop43vz606740372.1688.com;https://detail.1688.com/offer/655857622902.html
义乌市楠荣电子商务有限公司;https://shop8263885454g39.1688.com;https://detail.1688.com/offer/616086291696.html
义乌市韩维饰品有限公司;https://shop7ii510g865318.1688.com;https://detail.1688.com/offer/649963146288.html
高新区枫桥讯坚达贸易商行;https://shop5w277e3231872.1688.com;https://detail.1688.com/offer/654346850830.html
广州嘉凡朵贸易有限公司;https://kavatar.1688.com;https://detail.1688.com/offer/630895472710.html
义乌市蕊柔电子商务商行;https://shop1414773994392.1688.com;https://detail.1688.com/offer/597265247927.html
义乌市冷安电子商务商行;https://shop1464368243607.1688.com;https://detail.1688.com/offer/596666260698.html
义乌市卓皓贸易有限公司;https://shop61824758186y5.1688.com;https://detail.1688.com/offer/610690949012.html
义乌燕幂电子商务有限公司;https://shop357770627t235.1688.com;https://detail.1688.com/offer/617349987224.html
鄱阳县迮婷玉五金店;https://shop90y21c4837279.1688.com;https://detail.1688.com/offer/649427081172.html
鄱阳县能冷松珠宝店;https://shop36203f1006856.1688.com;https://detail.1688.com/offer/648814464202.html
南平市建阳区理昆纶百货店;https://shop25791m0171263.1688.com;https://detail.1688.com/offer/645244096622.html
新罗区越乾网店;https://shop53h572tb22152.1688.com;https://detail.1688.com/offer/654760896709.html
义乌市厚盾电子商务商行;https://shop106434x85n9j8.1688.com;https://detail.1688.com/offer/649713328471.html
柘荣县周状日用品经营部;https://shop9j04363306988.1688.com;https://detail.1688.com/offer/646213205616.html
陆川县生财日用品店;https://shop604326m2613e4.1688.com;https://detail.1688.com/offer/655344689231.html
即墨区好用百货店;https://shop0458878y55872.1688.com;https://detail.1688.com/offer/653195619669.html
义乌市檬初饰品有限公司;https://shop37p24848p75l8.1688.com;https://detail.1688.com/offer/653474772575.html
义乌市鑫奕饰品厂;https://shop5777700rq8379.1688.com;https://detail.1688.com/offer/642449181627.html
新罗区希荏网店;https://shop917a52979na96.1688.com;https://detail.1688.com/offer/655396546995.html
余江区翔穆经营部;https://shop36925180hf668.1688.com;https://detail.1688.com/offer/655863207869.html
余江区怡欣经营部;https://shop52c29h61p8881.1688.com;https://detail.1688.com/offer/655196353366.html
义乌市彤灿饰品有限公司;https://tongcanhair.1688.com;https://detail.1688.com/offer/650614167960.html
通山县松书百货店;https://shop500dkr3946178.1688.com;https://detail.1688.com/offer/633886936356.html
余江区欢锦经营部;https://shop26q60n60g6736.1688.com;https://detail.1688.com/offer/654074673158.html
余江区新桂经营部;https://shop06f858c520a36.1688.com;https://detail.1688.com/offer/654155663147.html
万载县新额馨日用品经营部;https://shop57a291o2336t2.1688.com;https://detail.1688.com/offer/654477551278.html
义乌市娇掠电子商务商行;https://shop7506473447103.1688.com;https://detail.1688.com/offer/655464637077.html
余江区琳川经营部;https://shop71g5p776v7923.1688.com;https://detail.1688.com/offer/654963528484.html
义乌市戚庆电子商务商行;https://shop624427681siz0.1688.com;https://detail.1688.com/offer/653092564706.html
义乌市攒潮电子商务商行;https://shop9556554946622.1688.com;https://detail.1688.com/offer/652588817421.html
余江区琪熙经营部;https://shop413c42b242259.1688.com;https://detail.1688.com/offer/654763363559.html
余江区莱欣经营部;https://shop7u929u7314855.1688.com;https://detail.1688.com/offer/654545770188.html
灵山县烟墩镇百川百货商行;https://shop8o88o786755q0.1688.com;https://detail.1688.com/offer/641751427635.html
柘荣县庆网日用品经营部;https://shop455b254065j45.1688.com;https://detail.1688.com/offer/653479179908.html
高新区枫桥真诗好百货商行;https://shop4qq3946748836.1688.com;https://detail.1688.com/offer/650900885944.html
义乌市金革电子商务商行;https://shop1579410597mi2.1688.com;https://detail.1688.com/offer/633486628471.html
义乌市前贵日用品厂;https://shop2642b33325c12.1688.com;https://detail.1688.com/offer/652250210123.html
高新区枫桥光迅嘉服装商行;https://shop59n5415506638.1688.com;https://detail.1688.com/offer/656378891854.html
诸暨市山下湖易泽珍珠商行;https://shop1399002041123.1688.com;https://detail.1688.com/offer/609307892390.html
义乌潮影饰品有限公司;https://yiwuchaoying.1688.com;https://detail.1688.com/offer/625439104201.html
义乌市涵筱饰品厂;https://shop152t11dd22230.1688.com;https://detail.1688.com/offer/606189417482.html
延平区鑫协百货店;https://shop685a150160562.1688.com;https://detail.1688.com/offer/651741792255.html
义乌市边雯电子商务商行;https://zhanjunxia1688.1688.com;https://detail.1688.com/offer/639863367085.html
